<?xml version="1.0" encoding="UTF-8"?>
<!DOCTYPE sun-ejb-jar PUBLIC "-//Sun Microsystems, Inc.//DTD Application Server 9.0 EJB 3.0//EN" "http://www.sun.com/software/appserver/dtds/sun-ejb-jar_3_0-0.dtd">
<sun-ejb-jar>
  <security-role-mapping>
    <role-name>role1</role-name>
    <principal-name>robert</principal-name>
    <group-name>users</group-name>
  </security-role-mapping>
  <security-role-mapping>
    <role-name>role2</role-name>
  </security-role-mapping>
  <enterprise-beans/>
</sun-ejb-jar>
