<?xml version="1.0" encoding="UTF-8"?>
<project-private xmlns="http://www.netbeans.org/ns/project-private/1">
    <editor-bookmarks xmlns="http://www.netbeans.org/ns/editor-bookmarks/2" lastBookmarkId="0"/>
    <open-files xmlns="http://www.netbeans.org/ns/projectui-open-files/2">
        <group>
            <file>file:/C:/Users/Administrator/Documents/NetBeansProjects/T2609/T2609-ejb/src/java/t2609/CalculatorBean.java</file>
            <file>file:/C:/Users/Administrator/Documents/NetBeansProjects/T2609/T2609-ejb/src/java/t2609/ProductsBean.java</file>
            <file>file:/C:/Users/Administrator/Documents/NetBeansProjects/T2609/T2609-ejb/src/java/t2609/ProductsLocal.java</file>
            <file>file:/C:/Users/Administrator/Documents/NetBeansProjects/T2609/T2609-ejb/src/java/t2609/HelloWorldBean.java</file>
            <file>file:/C:/Users/Administrator/Documents/NetBeansProjects/T2609/T2609-ejb/src/java/t2609/ShoppingCartBean.java</file>
        </group>
    </open-files>
</project-private>
